P1_Wall_lvl,P2_Roof_lvl,P3_CoolRoof_lvl,P4_Glazing_lvl,P5_HVAC_lvl,P6_SetPt_lvl,P7_LED_lvl,P8_PV_lvl,P9_BESS_lvl,P1_Wall_U,P2_Roof_U,P3_Roof_Reflectance,P4_Win_U,P4_Win_SHGC,P5_COP,P6_Cool_SP,P7_LPD,P8_PV_kW,P9_BESS_kWh,Gross_EUI,Net_EUI,LCC,LCE,Net_balance_EUI,RE_fraction,Closeness,NZE_class
0,0,0,0,0,3,4,5,0,2.0825,0.2315,0.55,2.8618,0.219,3.3993,25.5,4.0,150.0,0.0,114.79000091552734,89.13445967996613,704902.0161924539,6098617.437923614,72.03076552292531,0.22349979119209912,0.8234056041575081,Below target
4,0,0,0,0,3,4,5,4,0.3355,0.2315,0.55,2.8618,0.219,3.3993,25.5,4.0,150.0,120.0,110.60611724853516,81.4334783412444,802355.7129784414,5620011.737900073,67.8468818559331,0.2637524906668497,0.7708834897295548,Below target
3,0,0,1,0,3,4,5,4,0.4246,0.2315,0.55,1.6,0.19,3.3993,25.5,4.0,150.0,120.0,107.71846771240234,78.5458288051116,837711.9402997763,5451521.682827238,64.9592323198003,0.2708230030265452,0.7209007410202634,Below target
4,0,0,4,0,3,4,5,5,0.3355,0.2315,0.55,1.5,0.13,3.3993,25.5,4.0,150.0,150.0,107.3738784790039,77.32196515378077,876767.97327112,5377905.76135773,64.61464308640186,0.27988104510073686,0.652812882045227,Below target
0,0,0,0,4,3,4,5,1,2.0825,0.2315,0.55,2.8618,0.219,4.4,25.5,4.0,150.0,30.0,102.15093231201172,75.61611665851811,1044164.6222343672,5215409.626106191,59.39169691940967,0.2597608759207911,0.3436542384657741,Below target
3,0,0,0,4,3,4,5,3,0.4246,0.2315,0.55,2.8618,0.219,4.4,25.5,4.0,150.0,90.0,98.40996551513672,70.11660102577835,1121679.2171004608,4869911.0018185675,55.65073012253467,0.2875050747274826,0.23193830435576646,Below target
4,0,0,0,4,3,4,5,5,0.3355,0.2315,0.55,2.8618,0.219,4.4,25.5,4.0,150.0,150.0,98.25343322753906,68.20151227292139,1143537.1549957746,4755611.593277028,55.49419783493702,0.3058612034006767,0.21226626805585952,Below target
4,0,0,4,4,3,4,5,5,0.3355,0.2315,0.55,1.5,0.13,4.4,25.5,4.0,150.0,150.0,95.42778015136719,65.37586682614406,1212131.5890044065,4593351.5604496645,52.668544758765144,0.3149178706405503,0.17659439584249198,Below target
