P1_Wall_lvl,P2_Roof_lvl,P3_CoolRoof_lvl,P4_Glazing_lvl,P5_HVAC_lvl,P6_SetPt_lvl,P7_LED_lvl,P8_PV_lvl,P9_BESS_lvl,P1_Wall_U,P2_Roof_U,P3_Roof_Reflectance,P4_Win_U,P4_Win_SHGC,P5_COP,P6_Cool_SP,P7_LPD,P8_PV_kW,P9_BESS_kWh,Gross_EUI,Net_EUI,LCC,LCE,Net_balance_EUI,RE_fraction,Closeness,NZE_class
0,0,0,0,0,4,4,5,0,2.0825,0.2315,0.55,2.8618,0.219,3.3993,26.0,4.0,150.0,0.0,114.58767700195312,88.93213576639191,703546.3679818786,6085329.913245235,71.82844160935109,0.2238944178537098,0.777528235895075,Below target
0,0,0,2,0,4,4,5,2,2.0825,0.2315,0.55,1.5,0.17,3.3993,26.0,4.0,150.0,60.0,111.17497253417969,83.7608824627537,761026.570164874,5778228.814811602,68.41573714157764,0.2465850851728143,0.7766937559925977,Below target
3,0,0,2,0,4,4,5,4,0.4246,0.2315,0.55,1.5,0.17,3.3993,26.0,4.0,150.0,120.0,107.29377746582031,78.12113855852957,837601.5815583488,5423630.357316399,64.53454207321826,0.2718949746790678,0.7032874075563291,Below target
0,0,0,0,4,4,4,5,1,2.0825,0.2315,0.55,2.8618,0.219,4.4,26.0,4.0,150.0,30.0,101.80096435546875,75.26614870197514,1041819.7020236767,5192425.6506726565,59.0417289628667,0.2606538731876773,0.34483786919471354,Below target
0,0,0,0,4,4,4,5,5,2.0825,0.2315,0.55,2.8618,0.219,4.4,26.0,4.0,150.0,150.0,101.80096435546875,71.74905103024561,1077044.4548197489,4979962.741512656,59.0417289628667,0.2952026389483681,0.3009701686111624,Below target
0,0,0,2,3,4,4,5,4,2.0825,0.2315,0.55,1.5,0.17,4.15,26.0,4.0,150.0,120.0,100.76954650878906,71.59690760149832,1089297.6907737453,4988680.859063555,58.01031111618701,0.2894985629884355,0.2822035633778331,Below target
3,0,0,0,4,4,4,5,5,0.4246,0.2315,0.55,2.8618,0.219,4.4,26.0,4.0,150.0,150.0,97.90809631347656,67.85618298825344,1135752.8564433863,4730774.326548117,55.14886092087452,0.30694002290683525,0.24519028040769447,Below target
4,0,0,2,4,4,4,5,2,0.3355,0.2315,0.55,1.5,0.17,4.4,26.0,4.0,150.0,60.0,94.346435546875,66.93234547544901,1153938.542165745,4681654.563449625,51.587200154272956,0.29056837084010023,0.23351877570573062,Below target
4,0,0,4,4,4,4,5,5,0.3355,0.2315,0.55,1.5,0.13,4.4,26.0,4.0,150.0,150.0,94.25567626953125,64.20376294430812,1204278.0411862126,4516374.207746345,51.4964408769292,0.3188339897884495,0.22247176410492495,Below target
