variant,seed,lambda_mono,r2_test,rmse,viol_wallU,viol_cop,viol_deltaT
mono_off,0,0.0,0.9678457975387573,1.1019146944665117,0.0,0.0,0.0
mono_off,1,0.0,0.9289731979370117,1.6377226088540255,0.0,0.0,0.0
mono_off,2,0.0,0.9791887402534485,0.8864987474336935,0.0,0.0,0.0
mono_on,0,0.05,0.9814207553863525,0.8376120435438202,0.0,0.0,0.0
mono_on,1,0.05,0.9729043841362,1.0115293229737123,0.0,0.0,0.0
mono_on,2,0.05,0.9729005694389343,1.0116013270985205,0.0,0.0,0.0
