variant,seed,lambda_mono,r2_test,rmse,viol_wallU,viol_cop,viol_deltaT
mono_off,0,0.0,0.961060643196106,1.1538552925774992,0.0,0.0,0.0
mono_off,1,0.0,0.9746493101119995,0.9310047850890476,0.0,0.0,0.0
mono_off,2,0.0,0.966835081577301,1.0648689227861612,0.0,0.05,0.0
mono_on,0,0.05,0.9740145206451416,0.9425890444879121,0.0,0.0,0.0
mono_on,1,0.05,0.9761818647384644,0.9024241688220073,0.0,0.0,0.0
mono_on,2,0.05,0.9674398899078369,1.0551148290651224,0.0,0.0,0.0
