variant,seed,lambda_mono,r2_test,rmse,viol_wallU,viol_cop,viol_deltaT
mono_off,0,0.0,0.9765781164169312,0.94045988769209,0.0,0.0,0.0
mono_off,1,0.0,0.9707247018814087,1.0514287265524247,0.0,0.0,0.0
mono_off,2,0.0,0.9553353190422058,1.2987068291722859,0.0,0.0,0.0
mono_on,0,0.05,0.9526154398918152,1.3376653551224693,0.0,0.0,0.0
mono_on,1,0.05,0.9739028811454773,0.9927166706601043,0.0,0.0,0.0
mono_on,2,0.05,0.9697563648223877,1.0686764429668119,0.0,0.0,0.0
