variant,seed,lambda_mono,r2_test,rmse,r2_extra,rmse_extra,mae_extra,viol_wallU,viol_cop,viol_deltaT
mono_off,0,0.0,0.97608882188797,0.9502314436218967,0.9069827795028687,2.1762746254953558,1.7607842683792114,0.0,0.0,0.0
mono_off,1,0.0,0.972961962223053,1.0104541902686182,0.8936378955841064,2.3271563262101393,1.8912734985351562,0.0,0.0,0.0
mono_off,2,0.0,0.9711484313011169,1.0437917712413336,0.8849902153015137,2.4199112344651055,1.9765814542770386,0.0,0.0,0.0
mono_on,0,0.05,0.945450484752655,1.4352400886580141,0.8138257265090942,3.0788740611819674,2.468501567840576,0.0,0.0,0.0
mono_on,1,0.05,0.9783045649528503,0.9051350937433154,0.9104281067848206,2.1355901384062,1.7292689085006714,0.0,0.0,0.0
mono_on,2,0.05,0.9709904789924622,1.0466447833278234,0.8842874765396118,2.4272935855373214,1.985630750656128,0.0,0.0,0.0
