model,r2_train,r2_test,rmse,mae,mape
PI-HGAT,0.9843040704727173,0.9842036962509155,1.225333259949528,0.9618406295776367,0.8080605417490005
Linear Reg,0.9833043028976164,0.9810666149016343,1.3414994575668977,0.9591710919444143,0.8062324895694488
XGBoost,0.9999197947332418,0.9937739122241573,0.7692791942448926,0.5575556362219026,0.4628920372262359
ANN (MLP),0.9590183867051267,0.8938434168291602,3.1765071190979866,2.628677030329119,2.231558267738837
